arrangement,source_page,label,x,y,size,type,confidence
9-35,3,5,15.64,8.83,22D,signal,high
9-35,3,1,21.17,8.83,22D,signal,high
9-35,3,6,18.12,13.86,22D,signal,high
9-35,3,2,23.17,16.29,22D,signal,high
9-35,3,4,13.56,16.33,22D,signal,high
9-35,3,3,18.12,19.14,22D,signal,high
9-94,3,B,12.27,13.83,20,signal,high
9-94,3,A,19.04,13.83,20,signal,high
9-98,3,A,19.53,11.56,20,signal,high
9-98,3,C,11.3,11.81,20,signal,high
9-98,3,B,15.91,17.44,20,signal,high
11-2,3,B,11.68,17.15,16,signal,high
11-2,3,A,21.64,17.15,16,signal,high
11-5,3,E,12.84,10.97,20,signal,high
11-5,3,A,21.33,10.97,20,signal,high
11-5,3,D,9.25,19.34,20,signal,high
11-5,3,B,25.03,19.34,20,signal,high
11-5,3,C,17.29,24.08,20,signal,high
11-35,3,1,19.69,8.12,22D,signal,high
11-35,3,10,14.36,11.02,22D,signal,high
11-35,3,2,25.38,11.05,22D,signal,high
11-35,3,9,10.95,14.63,22D,signal,high
11-35,3,11,19.69,14.63,22D,signal,high
11-35,3,3,27.86,14.63,22D,signal,high
11-35,3,8,11.9,19.31,22D,signal,high
11-35,3,13,17.06,19.31,22D,signal,high
11-35,3,12,22.41,19.31,22D,signal,high
11-35,3,4,27.73,19.31,22D,signal,high
11-35,3,5,24.25,22.74,22D,signal,high
11-35,3,7,14.38,22.86,22D,signal,high
11-35,3,6,19.69,24.04,22D,signal,high
11-54,3,D,13.04,11.87,22D,signal,high
11-54,3,A,23.01,11.87,22D,signal,high
11-54,3,C,13.04,21.92,22D,signal,high
11-54,3,B,23.01,21.92,22D,signal,high
11-98,3,A,16.73,10.83,20,signal,high
11-98,3,E,11.25,16.82,20,signal,high
11-98,3,F,16.87,17.04,20,signal,high
11-98,3,B,23.64,17.11,20,signal,high
11-98,3,C,20.04,22.45,20,signal,high
11-98,3,D,14.24,22.49,20,signal,high
11-99,3,F,13.31,11.02,20,signal,high
11-99,3,A,19.74,11.02,20,signal,high
11-99,3,E,10.42,17.28,20,signal,high
11-99,3,G,16.53,17.28,20,signal,high
11-99,3,B,22.38,17.28,20,signal,high
11-99,3,D,14.3,22.38,20,signal,high
11-99,3,C,20.48,22.38,20,signal,high
13-4,3,A,20.07,10.73,16,signal,high
13-4,3,D,10.29,19.53,16,signal,high
13-4,3,B,29.3,19.53,16,signal,high
13-4,3,C,20.07,29.14,16,signal,high
13-8,3,G,15.9,8.9,20,signal,high
13-8,3,A,24.14,8.9,20,signal,high
13-8,3,H,20.02,16.68,20,signal,high
13-8,3,F,9.11,19.74,20,signal,high
13-8,3,B,30.46,19.74,20,signal,high
13-8,3,E,13.61,27.24,20,signal,high
13-8,3,C,26.14,27.24,20,signal,high
13-8,3,D,19.87,30.25,20,signal,high
13-13,3,C,24.54,10.74,12,signal,high
13-13,3,B,14.87,19.49,16,signal,high
13-13,3,A,35.22,19.49,16,signal,high
13-13,3,D,24.54,29.27,12,signal,high
13-35,3,14,15.67,8.26,22D,signal,high
13-35,3,1,23.2,8.44,22D,signal,high
13-35,3,2,27.47,10.6,22D,signal,high
13-35,3,13,11.49,11.04,22D,signal,high
13-35,3,21,15.9,14.17,22D,signal,high
13-35,3,3,30.26,14.38,22D,signal,high
13-35,3,15,24.28,14.54,22D,signal,high
13-35,3,12,8.61,14.9,22D,signal,high
13-35,3,16,26.58,18.8,22D,signal,high
13-35,3,20,13.19,18.81,22D,signal,high
13-35,3,11,7.72,19.9,22D,signal,high
13-35,3,4,31.57,20.0,22D,signal,high
13-35,3,22,19.87,21.51,22D,signal,high
13-35,3,19,14.35,24.17,22D,signal,high
13-35,3,17,25.15,24.3,22D,signal,high
13-35,3,10,8.57,24.71,22D,signal,high
13-35,3,5,30.51,24.96,22D,signal,high
13-35,3,18,19.38,26.94,22D,signal,high
13-35,3,9,11.35,28.65,22D,signal,high
13-35,3,6,27.16,29.63,22D,signal,high
13-35,3,8,15.71,31.55,22D,signal,high
13-35,3,7,21.47,31.87,22D,signal,high
13-98,3,A,20.03,8.96,20,signal,high
13-98,3,H,10.69,11.35,20,signal,high
13-98,3,B,28.79,11.35,20,signal,high
13-98,3,G,7.51,18.03,20,signal,high
13-98,3,C,32.36,18.03,20,signal,high
13-98,3,K,16.79,20.34,20,signal,high
13-98,3,J,23.92,20.34,20,signal,high
13-98,3,F,11.54,27.48,20,signal,high
13-98,3,D,29.08,27.48,20,signal,high
13-98,3,E,20.31,29.74,20,signal,high
15-4,3,D,14.5,15.76,12,signal,high
15-4,3,A,31.23,15.76,12,signal,high
15-4,3,C,14.5,30.37,12,signal,high
15-4,3,B,31.23,30.37,12,signal,high
15-5,3,A,22.75,13.21,16,signal,high
15-5,3,E,12.37,20.15,16,signal,high
15-5,3,B,33.13,20.34,16,signal,high
15-5,3,D,16.05,30.91,16,signal,high
15-5,3,C,28.63,30.91,16,signal,high
15-15,3,L,18.38,9.38,20,signal,high
15-15,3,A,27.25,9.69,20,signal,high
15-15,3,B,34.46,13.29,20,signal,high
15-15,3,K,11.1,13.6,20,signal,high
15-15,3,M,22.8,15.78,20,signal,high
15-15,3,R,16.93,20.46,20,signal,high
15-15,3,N,28.8,20.46,20,signal,high
15-15,3,J,7.88,21.56,20,signal,high
15-15,3,C,37.81,21.56,20,signal,high
15-15,3,P,22.8,27.58,16,signal,high
15-15,3,H,8.97,28.13,20,signal,high
15-15,3,D,36.6,28.13,20,signal,high
15-15,3,G,14.5,34.78,20,signal,high
15-15,3,E,30.76,35.12,20,signal,high
15-15,3,F,22.8,37.56,20,signal,high
15-18,3,L,19.53,9.35,20,signal,high
15-18,3,A,26.14,9.35,20,signal,high
15-18,3,K,12.75,15.81,20,signal,high
15-18,3,M,19.53,15.81,20,signal,high
15-18,3,N,26.14,15.81,20,signal,high
15-18,3,B,32.91,15.81,20,signal,high
15-18,3,J,9.47,22.66,20,signal,high
15-18,3,T,16.13,22.66,20,signal,high
15-18,3,U,22.83,22.66,20,signal,high
15-18,3,P,29.43,22.66,20,signal,high
15-18,3,C,36.09,22.66,20,signal,high
15-18,3,H,12.6,29.43,20,signal,high
15-18,3,S,19.4,29.43,20,signal,high
15-18,3,R,26.19,29.43,20,signal,high
15-18,3,D,32.99,29.43,20,signal,high
15-18,3,G,15.9,35.41,20,signal,high
15-18,3,F,22.83,35.41,20,signal,high
15-18,3,E,29.88,35.41,20,signal,high
15-19,3,M,16.11,9.21,20,signal,high
15-19,3,A,22.34,9.21,20,signal,high
15-19,3,B,29.62,9.21,20,signal,high
15-19,3,L,11.78,16.06,20,signal,high
15-19,3,N,19.17,16.06,20,signal,high
15-19,3,P,26.56,16.06,20,signal,high
15-19,3,C,33.95,16.06,20,signal,high
15-19,3,K,8.39,22.91,20,signal,high
15-19,3,U,15.63,22.91,20,signal,high
15-19,3,V,22.87,22.91,20,signal,high
15-19,3,R,30.1,22.91,20,signal,high
15-19,3,D,37.35,22.91,20,signal,high
15-19,3,J,11.72,29.76,20,signal,high
15-19,3,T,19.15,29.76,20,signal,high
15-19,3,S,26.58,29.76,20,signal,high
15-19,3,E,34.01,29.76,20,signal,high
15-19,3,H,16.11,36.62,20,signal,high
15-19,3,G,22.96,36.62,20,signal,high
15-19,3,F,29.62,36.62,20,signal,high
15-35,3,18,18.61,8.5,22D,signal,high
15-35,3,1,26.56,8.74,22D,signal,high
15-35,3,17,14.52,10.34,22D,signal,high
15-35,3,2,31.11,10.67,22D,signal,high
15-35,3,3,35.0,14.21,22D,signal,high
15-35,3,19,26.05,14.26,22D,signal,high
15-35,3,16,11.23,14.31,22D,signal,high
15-35,3,30,18.82,14.68,22D,signal,high
15-35,3,20,30.05,16.76,22D,signal,high
15-35,3,29,15.41,17.48,22D,signal,high
15-35,3,15,8.56,18.61,22D,signal,high
15-35,3,4,37.41,19.15,22D,signal,high
15-35,3,36,20.58,19.47,22D,signal,high
15-35,3,31,25.57,19.47,22D,signal,high
15-35,3,21,32.15,20.85,22D,signal,high
15-35,3,28,13.85,21.45,22D,signal,high
15-35,3,32,28.09,23.03,22D,signal,high
15-35,3,35,18.31,23.05,22D,signal,high
15-35,3,14,8.18,23.59,22D,signal,high
15-35,3,37,23.21,23.65,22D,signal,high
15-35,3,5,37.67,24.27,22D,signal,high
15-35,3,22,32.19,25.51,22D,signal,high
15-35,3,27,13.64,25.87,22D,signal,high
15-35,3,34,20.68,27.88,22D,signal,high
15-35,3,33,25.47,27.92,22D,signal,high
15-35,3,13,9.28,28.37,22D,signal,high
15-35,3,6,36.36,29.25,22D,signal,high
15-35,3,23,30.01,29.67,22D,signal,high
15-35,3,26,16.14,30.09,22D,signal,high
15-35,3,24,26.07,32.33,22D,signal,high
15-35,3,25,20.44,32.56,22D,signal,high
15-35,3,12,11.84,32.78,22D,signal,high
15-35,3,7,33.53,33.4,22D,signal,high
15-35,3,11,15.33,35.82,22D,signal,high
15-35,3,8,29.26,36.26,22D,signal,high
15-35,3,10,19.64,37.67,22D,signal,high
15-35,3,9,24.95,37.69,22D,signal,high
15-97,3,A,26.81,8.89,20,signal,high
15-97,3,K,18.69,8.94,20,signal,high
15-97,3,L,18.32,14.25,16,signal,high
15-97,3,J,11.73,16.32,20,signal,high
15-97,3,B,35.02,16.53,20,signal,high
15-97,3,H,9.98,21.67,20,signal,high
15-97,3,C,35.91,23.37,16,signal,high
15-97,3,M,25.06,25.92,16,signal,high
15-97,3,D,32.06,30.36,20,signal,high
15-97,3,G,12.09,30.67,16,signal,high
15-97,3,E,25.36,34.67,20,signal,high
15-97,3,F,19.53,34.7,20,signal,high
17-2,3,22,24.12,8.44,22D,signal,high
17-2,3,1,29.58,8.66,22D,signal,high
17-2,3,21,20.01,9.62,22D,signal,high
17-2,3,2,33.64,10.36,22D,signal,high
17-2,3,20,16.86,11.83,22D,signal,high
17-2,3,3,37.13,13.05,22D,signal,high
17-2,3,19,13.56,14.53,22D,signal,high
17-2,3,38,23.4,15.02,22D,signal,high
17-2,3,23,27.85,15.02,22D,signal,high
17-2,3,4,39.97,16.2,22D,signal,high
17-2,3,37,19.92,16.49,22D,signal,high
17-2,3,24,31.87,16.74,22D,signal,high
17-2,3,18,11.19,18.31,22D,signal,high
17-2,3,36,16.88,19.4,22D,signal,high
17-2,3,25,35.02,19.9,22D,signal,high
17-2,3,5,41.86,19.94,22D,signal,high
17-2,3,17,9.03,23.26,22D,signal,high
17-2,3,35,14.94,23.3,22D,signal,high
17-2,3,26,36.36,24.03,22D,signal,high
17-2,3,6,42.7,24.42,22D,signal,high
17-2,3,39,26.0,25.94,8 Twinax,twinax,high
17-2,3,34,14.81,27.58,22D,signal,high
17-2,3,27,36.24,28.18,22D,signal,high
17-2,3,16,8.81,28.2,22D,signal,high
17-2,3,7,42.04,29.59,22D,signal,high
17-2,3,33,16.15,31.72,22D,signal,high
17-2,3,28,34.81,32.08,22D,signal,high
17-2,3,15,10.42,33.21,22D,signal,high
17-2,3,8,40.19,34.11,22D,signal,high
17-2,3,32,19.08,34.89,22D,signal,high
17-2,3,29,31.86,35.49,22D,signal,high
17-2,3,31,23.04,36.94,22D,signal,high
17-2,3,30,27.84,37.06,22D,signal,high
17-2,3,14,13.31,37.6,22D,signal,high
17-2,3,9,37.8,38.17,22D,signal,high
17-2,3,10,33.13,41.06,22D,signal,high
17-2,3,13,17.75,41.17,22D,signal,high
17-2,3,12,22.51,42.47,22D,signal,high
17-2,3,11,28.36,42.48,22D,signal,high
17-6,3,A,32.39,13.32,12,signal,high
17-6,3,E,19.12,13.32,12,signal,high
17-6,3,D,12.15,25.6,12,signal,high
17-6,3,F,25.62,25.6,12,signal,high
17-6,3,B,38.93,25.6,12,signal,high
17-6,3,C,25.62,39.75,12,signal,high
17-8,3,A,26.18,11.24,16,signal,high
17-8,3,G,16.81,19.88,16,signal,high
17-8,3,B,34.81,20.0,16,signal,high
17-8,3,H,26.18,28.39,16,signal,high
17-8,3,F,11.42,31.38,16,signal,high
17-8,3,C,40.82,31.63,16,signal,high
17-8,3,D,32.68,38.77,16,signal,high
17-8,3,E,18.81,38.89,16,signal,high
17-22,3,A,26.57,15.21,8 Coax,coax,high
17-22,3,D,12.93,26.72,12 Coax,coax,high
17-22,3,B,38.78,26.72,12 Coax,coax,high
17-22,3,C,26.57,37.39,8 Coax,coax,high
17-26,3,A,25.52,8.6,20,signal,high
17-26,3,B,32.43,9.66,20,signal,high
17-26,3,R,18.66,9.7,20,signal,high
17-26,3,C,38.55,13.82,20,signal,high
17-26,3,P,13.08,13.99,20,signal,high
17-26,3,T,29.68,16.04,20,signal,high
17-26,3,S,21.8,16.09,20,signal,high
17-26,3,D,42.04,20.49,20,signal,high
17-26,3,N,9.82,20.55,20,signal,high
17-26,3,U,34.82,20.66,20,signal,high
17-26,3,a,16.33,20.84,20,signal,high
17-26,3,b,25.47,21.9,20,signal,high
17-26,3,M,9.07,28.2,20,signal,high
17-26,3,V,35.38,28.24,20,signal,high
17-26,3,E,43.13,28.28,20,signal,high
17-26,3,Z,15.99,28.31,20,signal,high
17-26,3,c,25.64,29.32,20,signal,high
17-26,3,W,32.38,33.78,20,signal,high
17-26,3,Y,19.05,33.88,20,signal,high
17-26,3,F,41.01,34.6,20,signal,high
17-26,3,L,10.92,34.73,20,signal,high
17-26,3,X,25.62,37.38,20,signal,high
17-26,3,G,35.89,39.92,20,signal,high
17-26,3,K,15.32,40.04,20,signal,high
17-26,3,H,29.05,42.75,20,signal,high
17-26,3,J,22.16,42.8,20,signal,high
17-35,3,25,26.42,12.0,22D,signal,high
17-35,3,17,22.11,12.9,22D,signal,high
17-35,3,32,30.71,13.04,22D,signal,high
17-35,3,40,34.72,14.8,22D,signal,high
17-35,3,10,17.97,15.09,22D,signal,high
17-35,3,18,22.13,16.76,22D,signal,high
17-35,3,47,38.71,16.79,22D,signal,high
17-35,3,33,30.71,16.81,22D,signal,high
17-35,3,4,14.0,16.87,22D,signal,high
17-35,3,26,26.35,18.77,22D,signal,high
17-35,3,41,34.69,18.78,22D,signal,high
17-35,3,11,17.96,19.0,22D,signal,high
17-35,3,19,22.11,20.41,22D,signal,high
17-35,3,48,38.71,20.49,22D,signal,high
17-35,3,5,14.0,20.49,22D,signal,high
17-35,3,34,30.7,20.51,22D,signal,high
17-35,3,27,26.42,22.56,22D,signal,high
17-35,3,53,43.34,22.56,22D,signal,high
17-35,3,1,8.83,22.57,22D,signal,high
17-35,3,42,34.69,22.57,22D,signal,high
17-35,3,12,18.0,22.82,22D,signal,high
17-35,3,20,22.12,23.93,22D,signal,high
17-35,3,49,38.72,24.01,22D,signal,high
17-35,3,6,14.01,24.01,22D,signal,high
17-35,3,35,30.72,24.02,22D,signal,high
17-35,3,43,34.72,26.08,22D,signal,high
17-35,3,28,26.42,26.09,22D,signal,high
17-35,3,54,43.34,26.09,22D,signal,high
17-35,3,2,8.83,26.1,22D,signal,high
17-35,3,13,18.0,26.33,22D,signal,high
17-35,3,21,22.12,27.89,22D,signal,high
17-35,3,50,38.72,27.97,22D,signal,high
17-35,3,7,14.01,27.97,22D,signal,high
17-35,3,36,30.71,27.98,22D,signal,high
17-35,3,55,43.35,29.89,22D,signal,high
17-35,3,29,26.43,29.89,22D,signal,high
17-35,3,3,8.85,29.9,22D,signal,high
17-35,3,44,34.72,29.9,22D,signal,high
17-35,3,14,18.0,30.15,22D,signal,high
17-35,3,22,22.14,31.78,22D,signal,high
17-35,3,51,38.73,31.87,22D,signal,high
17-35,3,8,14.02,31.87,22D,signal,high
17-35,3,37,30.73,31.88,22D,signal,high
17-35,3,45,34.72,33.99,22D,signal,high
17-35,3,30,26.4,34.02,22D,signal,high
17-35,3,15,17.97,34.26,22D,signal,high
17-35,3,23,22.12,35.56,22D,signal,high
17-35,3,52,38.72,35.64,22D,signal,high
17-35,3,9,14.01,35.64,22D,signal,high
17-35,3,38,30.71,35.65,22D,signal,high
17-35,3,31,26.42,37.85,22D,signal,high
17-35,3,46,34.72,37.86,22D,signal,high
17-35,3,16,17.97,38.1,22D,signal,high
17-35,3,24,22.12,39.16,22D,signal,high
17-35,3,39,30.67,39.24,22D,signal,high
17-99,3,A,26.73,8.04,20,signal,high
17-99,3,R,20.99,8.96,20,signal,high
17-99,3,B,33.32,9.79,20,signal,high
17-99,3,P,14.53,13.68,20,signal,high
17-99,3,C,39.11,14.02,20,signal,high
17-99,3,T,29.84,16.59,20,signal,high
17-99,3,S,23.06,16.67,20,signal,high
17-99,3,N,9.57,18.91,20,signal,high
17-99,3,D,42.66,20.07,20,signal,high
17-99,3,Y,17.18,21.15,20,signal,high
17-99,3,U,35.96,21.56,20,signal,high
17-99,3,Z,26.73,24.33,16,signal,high
17-99,3,M,8.41,25.96,20,signal,high
17-99,3,E,43.49,27.45,20,signal,high
17-99,3,V,35.8,29.44,20,signal,high
17-99,3,X,17.35,29.86,20,signal,high
17-99,3,L,9.98,33.18,20,signal,high
17-99,3,W,26.73,33.71,16,signal,high
17-99,3,F,41.51,34.34,20,signal,high
17-99,3,K,13.79,38.98,20,signal,high
17-99,3,G,36.71,39.64,20,signal,high
17-99,3,J,21.48,42.8,20,signal,high
17-99,3,H,29.34,43.21,20,signal,high
19-11,3,A,34.57,13.75,16,signal,high
19-11,3,J,23.75,13.79,16,signal,high
19-11,3,H,13.66,23.61,16,signal,high
19-11,3,B,44.78,23.65,16,signal,high
19-11,3,K,29.08,25.07,16,signal,high
19-11,3,G,12.42,33.12,16,signal,high
19-11,3,C,46.35,33.14,16,signal,high
19-11,3,L,29.05,35.33,16,signal,high
19-11,3,F,17.86,41.37,16,signal,high
19-11,3,D,40.09,41.39,16,signal,high
19-11,3,E,29.08,47.82,16,signal,high
19-18,3,R,26.89,9.86,22D,signal,high
19-18,3,A,32.71,9.86,22D,signal,high
19-18,3,S,29.77,12.43,22D,signal,high
19-18,3,P,21.53,21.78,8 Twinax,twinax,high
19-18,3,B,38.17,21.87,8 Twinax,twinax,high
19-18,3,N,9.65,26.86,22D,signal,high
19-18,3,C,49.68,26.87,22D,signal,high
19-18,3,T,29.78,27.68,22D,signal,high
19-18,3,M,12.07,29.64,22D,signal,high
19-18,3,D,47.26,29.66,22D,signal,high
19-18,3,U,29.8,31.47,22D,signal,high
19-18,3,E,49.68,32.41,22D,signal,high
19-18,3,L,9.65,32.42,22D,signal,high
19-18,3,F,38.25,37.51,8 Twinax,twinax,high
19-18,3,K,21.52,37.55,8 Twinax,twinax,high
19-18,3,H,29.8,47.55,22D,signal,high
19-18,3,J,26.92,50.1,22D,signal,high
19-18,3,G,32.72,50.1,22D,signal,high
19-28,3,T,26.01,9.87,20,signal,high
19-28,3,A,34.32,10.34,20,signal,high
19-28,3,S,18.85,12.7,20,signal,high
19-28,3,B,40.19,13.67,20,signal,high
19-28,3,U,29.63,16.55,20,signal,high
19-28,3,R,13.43,17.88,20,signal,high
19-28,3,C,45.42,18.51,20,signal,high
19-28,3,d,22.88,19.74,20,signal,high
19-28,3,V,36.94,19.86,20,signal,high
19-28,3,P,10.61,24.39,20,signal,high
19-28,3,W,41.07,24.98,20,signal,high
19-28,3,c,18.57,25.01,20,signal,high
19-28,3,D,48.44,25.65,20,signal,high
19-28,3,e,29.63,26.55,16,signal,high
19-28,3,N,9.67,31.29,20,signal,high
19-28,3,b,17.92,31.84,20,signal,high
19-28,3,X,40.85,31.96,20,signal,high
19-28,3,E,48.77,32.91,20,signal,high
19-28,3,M,12.07,38.35,20,signal,high
19-28,3,Y,37.75,38.36,20,signal,high
19-28,3,a,21.53,38.79,20,signal,high
19-28,3,F,46.14,39.1,20,signal,high
19-28,3,Z,29.63,39.13,16,signal,high
19-28,3,G,42.6,43.87,20,signal,high
19-28,3,L,15.86,43.9,20,signal,high
19-28,3,H,36.31,47.66,20,signal,high
19-28,3,K,21.87,48.19,20,signal,high
19-28,3,J,28.93,49.11,20,signal,high
19-31,3,V,19.63,14.57,22D,signal,high
19-31,3,A,40.46,14.57,22D,signal,high
19-31,3,f,29.61,17.35,12,signal,high
19-31,3,W,18.8,19.16,22D,signal,high
19-31,3,C,41.22,19.16,22D,signal,high
19-31,3,U,14.04,19.82,22D,signal,high
19-31,3,B,45.77,19.84,22D,signal,high
19-31,3,h,17.74,29.94,8 Coax,coax,high
19-31,3,g,41.87,29.94,8 Coax,coax,high
19-31,3,N,26.14,40.44,22D,signal,high
19-31,3,K,33.21,40.44,22D,signal,high
19-31,3,S,17.05,42.21,22D,signal,high
19-31,3,E,42.13,42.23,22D,signal,high
19-31,3,R,22.47,44.19,22D,signal,high
19-31,3,M,36.68,44.21,22D,signal,high
19-32,3,T,26.33,9.77,20,signal,high
19-32,3,A,33.34,9.77,20,signal,high
19-32,3,B,39.91,12.36,20,signal,high
19-32,3,S,19.2,12.38,20,signal,high
19-32,3,U,29.45,16.65,20,signal,high
19-32,3,R,14.06,17.3,20,signal,high
19-32,3,C,45.04,17.33,20,signal,high
19-32,3,e,22.7,18.8,20,signal,high
19-32,3,V,36.36,18.8,20,signal,high
19-32,3,P,11.0,23.7,20,signal,high
19-32,3,D,48.45,23.72,20,signal,high
19-32,3,f,29.44,23.99,20,signal,high
19-32,3,d,17.8,24.61,20,signal,high
19-32,3,W,40.86,24.62,20,signal,high
19-32,3,j,24.39,29.49,20,signal,high
19-32,3,g,34.45,29.49,20,signal,high
19-32,3,N,10.47,31.56,20,signal,high
19-32,3,c,17.27,31.56,20,signal,high
19-32,3,E,48.68,31.58,20,signal,high
19-32,3,X,41.83,31.58,20,signal,high
19-32,3,h,29.44,34.45,20,signal,high
19-32,3,b,19.8,37.66,20,signal,high
19-32,3,Y,38.98,37.66,20,signal,high
19-32,3,F,46.59,38.32,20,signal,high
19-32,3,M,12.27,38.35,20,signal,high
19-32,3,Z,32.74,41.24,20,signal,high
19-32,3,a,25.75,41.25,20,signal,high
19-32,3,L,15.9,44.18,20,signal,high
19-32,3,G,42.28,44.2,20,signal,high
19-32,3,H,36.06,48.15,20,signal,high
19-32,3,K,21.89,48.16,20,signal,high
19-32,3,J,29.46,49.68,20,signal,high
19-35,3,25,27.27,11.52,22D,signal,high
19-35,3,34,31.43,11.68,22D,signal,high
19-35,3,17,22.82,13.19,22D,signal,high
19-35,3,43,35.8,13.39,22D,signal,high
19-35,3,10,18.86,15.14,22D,signal,high
19-35,3,51,39.89,15.35,22D,signal,high
19-35,3,26,27.28,15.42,22D,signal,high
19-35,3,35,31.43,15.67,22D,signal,high
19-35,3,4,14.62,17.69,22D,signal,high
19-35,3,18,22.81,17.84,22D,signal,high
19-35,3,44,35.81,18.04,22D,signal,high
19-35,3,58,43.94,18.16,22D,signal,high
19-35,3,11,18.85,19.96,22D,signal,high
19-35,3,27,27.27,20.25,22D,signal,high
19-35,3,36,31.42,20.31,22D,signal,high
19-35,3,52,39.9,20.5,22D,signal,high
19-35,3,5,14.62,22.58,22D,signal,high
19-35,3,45,35.79,22.6,22D,signal,high
19-35,3,19,22.82,22.65,22D,signal,high
19-35,3,59,43.95,22.73,22D,signal,high
19-35,3,12,18.85,24.77,22D,signal,high
19-35,3,37,31.42,24.8,22D,signal,high
19-35,3,28,27.26,24.88,22D,signal,high
19-35,3,53,39.88,25.06,22D,signal,high
19-35,3,64,48.23,25.3,22D,signal,high
19-35,3,1,10.36,25.44,22D,signal,high
19-35,3,20,22.81,27.13,22D,signal,high
19-35,3,60,43.91,27.37,22D,signal,high
19-35,3,46,35.72,27.42,22D,signal,high
19-35,3,6,14.63,27.58,22D,signal,high
19-35,3,54,39.88,29.38,22D,signal,high
19-35,3,13,18.62,29.5,22D,signal,high
19-35,3,2,10.37,29.59,22D,signal,high
19-35,3,29,27.25,29.7,22D,signal,high
19-35,3,38,31.43,29.78,22D,signal,high
19-35,3,65,48.23,29.8,22D,signal,high
19-35,3,7,14.64,31.72,22D,signal,high
19-35,3,61,43.93,31.85,22D,signal,high
19-35,3,21,22.79,32.03,22D,signal,high
19-35,3,47,35.79,32.24,22D,signal,high
19-35,3,3,10.38,33.74,22D,signal,high
19-35,3,66,47.98,34.38,22D,signal,high
19-35,3,14,18.86,34.39,22D,signal,high
19-35,3,30,27.26,34.51,22D,signal,high
19-35,3,55,39.89,34.52,22D,signal,high
19-35,3,39,31.41,34.67,22D,signal,high
19-35,3,8,14.64,36.71,22D,signal,high
19-35,3,62,43.93,36.9,22D,signal,high
19-35,3,48,35.8,36.98,22D,signal,high
19-35,3,22,22.83,37.02,22D,signal,high
19-35,3,31,27.27,39.33,22D,signal,high
19-35,3,40,31.43,39.42,22D,signal,high
19-35,3,56,39.89,39.43,22D,signal,high
19-35,3,15,18.84,39.46,22D,signal,high
19-35,3,63,43.93,41.4,22D,signal,high
19-35,3,23,22.8,41.75,22D,signal,high
19-35,3,9,14.64,41.76,22D,signal,high
19-35,3,49,35.8,41.87,22D,signal,high
19-35,3,41,31.43,43.89,22D,signal,high
19-35,3,32,27.25,43.9,22D,signal,high
19-35,3,16,18.86,44.02,22D,signal,high
19-35,3,57,39.88,44.24,22D,signal,high
19-35,3,50,35.64,46.01,22D,signal,high
19-35,3,24,22.83,46.65,22D,signal,high
19-35,3,42,31.43,48.45,22D,signal,high
19-35,3,33,27.26,48.63,22D,signal,high
21-11,3,J,27.75,14.36,12,signal,high
21-11,3,A,42.0,14.36,12,signal,high
21-11,3,H,15.8,23.61,12,signal,high
21-11,3,B,53.0,23.61,12,signal,high
21-11,3,K,34.0,26.11,12,signal,high
21-11,3,C,55.3,36.86,12,signal,high
21-11,3,G,12.3,37.11,12,signal,high
21-11,3,L,34.05,40.36,12,signal,high
21-11,3,D,48.05,48.61,12,signal,high
21-11,3,F,20.3,48.86,12,signal,high
21-11,3,E,34.05,54.11,12,signal,high
21-16,3,L,27.42,14.31,16,signal,high
21-16,3,A,41.47,14.31,16,signal,high
21-16,3,K,18.12,21.27,16,signal,high
21-16,3,B,49.92,21.27,16,signal,high
21-16,3,M,34.02,23.25,16,signal,high
21-16,3,S,25.08,30.21,16,signal,high
21-16,3,N,42.46,30.21,16,signal,high
21-16,3,J,14.15,31.7,16,signal,high
21-16,3,C,53.89,31.7,16,signal,high
21-16,3,R,28.55,41.63,16,signal,high
21-16,3,P,39.48,41.63,16,signal,high
21-16,3,H,15.64,42.13,16,signal,high
21-16,3,D,51.4,42.13,16,signal,high
21-16,3,E,43.45,50.58,16,signal,high
21-16,3,G,23.58,50.58,16,signal,high
21-16,3,F,34.02,54.06,16,signal,high
21-29,3,1,36.84,11.32,20,signal,high
21-29,3,19,29.87,11.35,20,signal,high
21-29,3,2,43.73,13.2,20,signal,high
21-29,3,18,22.98,13.22,20,signal,high
21-29,3,3,49.8,18.23,20,signal,high
21-29,3,17,16.94,18.23,20,signal,high
21-29,3,25,26.9,22.76,12,signal,high
21-29,3,20,40.19,22.76,12,signal,high
21-29,3,16,16.94,25.5,20,signal,high
21-29,3,4,49.77,25.5,20,signal,high
21-29,3,15,11.44,30.17,20,signal,high
21-29,3,5,55.32,30.19,20,signal,high
21-29,3,26,38.16,33.13,16,signal,high
21-29,3,27,28.63,33.3,16,signal,high
21-29,3,24,19.6,33.38,16,signal,high
21-29,3,21,46.94,33.38,16,signal,high
21-29,3,14,12.05,37.53,20,signal,high
21-29,3,6,54.95,37.59,20,signal,high
21-29,3,13,17.02,42.57,20,signal,high
21-29,3,7,49.82,42.57,20,signal,high
21-29,3,23,26.9,44.68,12,signal,high
21-29,3,22,40.19,44.68,12,signal,high
21-29,3,8,48.66,49.59,20,signal,high
21-29,3,12,18.15,49.61,20,signal,high
21-29,3,10,33.38,52.14,20,signal,high
21-29,3,9,39.97,54.64,20,signal,high
21-29,3,11,26.87,54.69,20,signal,high
21-35,3,28,30.85,9.73,22D,signal,high
21-35,3,1,36.63,10.03,22D,signal,high
21-35,3,27,25.78,11.18,22D,signal,high
21-35,3,2,41.61,11.24,22D,signal,high
21-35,3,26,21.2,13.48,22D,signal,high
21-35,3,3,46.04,13.78,22D,signal,high
21-35,3,29,33.38,15.59,22D,signal,high
21-35,3,30,39.07,15.72,22D,signal,high
21-35,3,50,28.34,15.72,22D,signal,high
21-35,3,25,16.98,16.62,22D,signal,high
21-35,3,4,50.16,17.17,22D,signal,high
21-35,3,49,23.61,18.13,22D,signal,high
21-35,3,31,43.63,18.31,22D,signal,high
21-35,3,51,31.09,20.18,22D,signal,high
21-35,3,52,36.39,20.24,22D,signal,high
21-35,3,24,13.85,20.42,22D,signal,high
21-35,3,5,53.39,21.33,22D,signal,high
21-35,3,48,19.78,21.39,22D,signal,high
21-35,3,32,47.63,21.64,22D,signal,high
21-35,3,66,26.29,22.6,22D,signal,high
21-35,3,53,40.97,22.9,22D,signal,high
21-35,3,67,30.97,25.68,22D,signal,high
21-35,3,68,36.15,25.68,22D,signal,high
21-35,3,23,11.8,25.73,22D,signal,high
21-35,3,33,49.93,25.73,22D,signal,high
21-35,3,6,55.56,25.73,22D,signal,high
21-35,3,47,16.74,25.73,22D,signal,high
21-35,3,54,44.17,26.1,22D,signal,high
21-35,3,65,22.53,26.1,22D,signal,high
21-35,3,76,26.63,28.76,22D,signal,high
21-35,3,69,39.77,28.76,22D,signal,high
21-35,3,22,10.59,30.93,22D,signal,high
21-35,3,34,51.46,30.93,22D,signal,high
21-35,3,64,20.72,30.93,22D,signal,high
21-35,3,46,15.41,30.93,22D,signal,high
21-35,3,77,33.26,30.93,22D,signal,high
21-35,3,55,46.4,30.93,22D,signal,high
21-35,3,7,56.68,30.93,22D,signal,high
21-35,3,75,25.18,33.72,22D,signal,high
21-35,3,70,41.58,33.72,22D,signal,high
21-35,3,79,30.97,35.47,22D,signal,high
21-35,3,78,36.15,35.47,22D,signal,high
21-35,3,21,10.35,36.3,22D,signal,high
21-35,3,56,46.4,36.3,22D,signal,high
21-35,3,8,56.68,36.31,22D,signal,high
21-35,3,63,20.48,36.31,22D,signal,high
21-35,3,45,15.41,36.31,22D,signal,high
21-35,3,35,51.1,36.31,22D,signal,high
21-35,3,74,26.87,38.67,22D,signal,high
21-35,3,71,39.89,38.67,22D,signal,high
21-35,3,57,44.23,40.91,22D,signal,high
21-35,3,62,22.23,40.97,22D,signal,high
21-35,3,44,16.5,41.41,22D,signal,high
21-35,3,20,11.56,41.41,22D,signal,high
21-35,3,9,55.56,41.41,22D,signal,high
21-35,3,36,49.8,41.41,22D,signal,high
21-35,3,73,30.97,41.76,22D,signal,high
21-35,3,72,36.27,41.76,22D,signal,high
21-35,3,61,25.93,44.72,22D,signal,high
21-35,3,58,40.85,44.77,22D,signal,high
21-35,3,43,19.39,45.44,22D,signal,high
21-35,3,19,13.49,45.8,22D,signal,high
21-35,3,37,47.24,45.8,22D,signal,high
21-35,3,10,53.27,46.29,22D,signal,high
21-35,3,60,30.97,47.04,22D,signal,high
21-35,3,59,36.15,47.25,22D,signal,high
21-35,3,42,23.25,48.8,22D,signal,high
21-35,3,38,42.93,49.07,22D,signal,high
21-35,3,18,16.74,50.31,22D,signal,high
21-35,3,11,49.65,50.7,22D,signal,high
21-35,3,41,28.08,51.33,22D,signal,high
21-35,3,39,38.69,51.57,22D,signal,high
21-35,3,40,33.38,52.54,22D,signal,high
21-35,3,17,20.6,53.33,22D,signal,high
21-35,3,12,45.58,53.9,22D,signal,high
21-35,3,16,25.21,55.72,22D,signal,high
21-35,3,13,41.1,55.98,22D,signal,high
21-35,3,15,30.25,57.07,22D,signal,high
21-35,3,14,35.79,57.13,22D,signal,high
21-39,4,W,28.99,11.77,20,signal,high
21-39,4,A,38.35,11.77,20,signal,high
21-39,4,V,22.5,14.07,20,signal,high
21-39,4,B,44.34,14.07,20,signal,high
21-39,4,X,33.23,17.56,20,signal,high
21-39,4,C,48.96,17.56,20,signal,high
21-39,4,U,17.38,17.93,20,signal,high
21-39,4,j,26.61,19.49,20,signal,high
21-39,4,Y,40.1,19.49,20,signal,high
21-39,4,D,52.83,22.29,20,signal,high
21-39,4,T,14.01,22.42,20,signal,high
21-39,4,Z,45.59,23.41,20,signal,high
21-39,4,i,21.37,23.54,20,signal,high
21-39,4,k,33.36,24.66,20,signal,high
21-39,4,S,11.63,28.02,20,signal,high
21-39,4,E,55.2,28.02,20,signal,high
21-39,4,h,18.63,28.89,20,signal,high
21-39,4,a,48.34,28.89,20,signal,high
21-39,4,m,39.87,30.01,16,signal,high
21-39,4,r,27.39,30.38,16,signal,high
21-39,4,g,18.25,37.61,20,signal,high
21-39,4,b,48.09,37.61,20,signal,high
21-39,4,R,11.51,38.23,20,signal,high
21-39,4,F,54.95,39.35,20,signal,high
21-39,4,n,39.35,39.85,20,signal,high
21-39,4,q,27.24,39.98,20,signal,high
21-39,4,c,45.09,43.22,20,signal,high
21-39,4,f,20.75,43.34,20,signal,high
21-39,4,p,33.36,44.09,20,signal,high
21-39,4,P,13.63,44.21,20,signal,high
21-39,4,G,52.21,44.46,20,signal,high
21-39,4,e,25.74,47.45,20,signal,high
21-39,4,d,40.1,47.57,20,signal,high
21-39,4,H,48.71,48.82,20,signal,high
21-39,4,N,16.88,48.94,20,signal,high
21-39,4,M,21.62,52.93,20,signal,high
21-39,4,J,43.59,52.93,20,signal,high
21-39,4,K,37.73,55.17,20,signal,high
21-39,4,L,27.74,55.3,20,signal,high
21-41,4,A,33.15,11.61,20,signal,high
21-41,4,B,40.15,12.38,20,signal,high
21-41,4,W,26.89,12.55,20,signal,high
21-41,4,V,21.16,15.37,20,signal,high
21-41,4,C,46.04,15.87,20,signal,high
21-41,4,X,33.15,18.26,20,signal,high
21-41,4,j,26.4,19.86,20,signal,high
21-41,4,Y,39.82,19.86,20,signal,high
21-41,4,U,15.92,20.35,20,signal,high
21-41,4,D,50.63,20.52,20,signal,high
21-41,4,Z,45.39,24.67,20,signal,high
21-41,4,i,21.49,25.17,20,signal,high
21-41,4,k,33.15,25.23,20,signal,high
21-41,4,T,13.14,26.33,20,signal,high
21-41,4,E,53.57,26.5,20,signal,high
21-41,4,m,39.17,28.16,20,signal,high
21-41,4,s,27.22,28.32,20,signal,high
21-41,4,h,18.7,31.15,20,signal,high
21-41,4,a,48.01,31.31,20,signal,high
21-41,4,F,54.56,32.81,20,signal,high
21-41,4,t,33.15,33.14,20,signal,high
21-41,4,S,11.66,33.3,20,signal,high
21-41,4,r,25.91,35.13,20,signal,high
21-41,4,n,39.99,35.13,20,signal,high
21-41,4,g,19.52,38.45,20,signal,high
21-41,4,b,46.54,38.62,20,signal,high
21-41,4,G,53.41,39.78,20,signal,high
21-41,4,R,12.97,40.28,20,signal,high
21-41,4,q,29.67,40.45,20,signal,high
21-41,4,p,36.55,40.45,20,signal,high
21-41,4,f,23.13,43.93,20,signal,high
21-41,4,c,42.61,44.76,20,signal,high
21-41,4,H,50.3,45.93,20,signal,high
21-41,4,P,15.76,46.09,20,signal,high
21-41,4,d,36.55,47.92,20,signal,high
21-41,4,e,29.18,48.08,20,signal,high
21-41,4,N,20.51,50.74,20,signal,high
21-41,4,J,45.55,50.74,20,signal,high
21-41,4,M,26.23,54.06,20,signal,high
21-41,4,K,39.66,54.23,20,signal,high
21-41,4,L,33.27,54.89,20,signal,high
21-75,4,D,23.58,23.59,8 Twinax,twinax,high
21-75,4,A,43.46,23.59,8 Twinax,twinax,high
21-75,4,C,23.58,43.37,8 Twinax,twinax,high
21-75,4,B,43.46,43.37,8 Twinax,twinax,high
21-79,4,A,37.17,18.38,22D,signal,high
21-79,4,T,29.83,18.39,22D,signal,high
21-79,4,B,43.65,19.84,22D,signal,high
21-79,4,S,23.32,19.85,22D,signal,high
21-79,4,C,49.34,23.25,22D,signal,high
21-79,4,R,17.65,23.26,22D,signal,high
21-79,4,D,52.96,29.18,22D,signal,high
21-79,4,P,14.04,29.18,22D,signal,high
21-79,4,U,24.85,33.8,8 Coax,coax,high
21-79,4,V,41.19,33.8,8 Coax,coax,high
21-79,4,E,53.0,39.41,22D,signal,high
21-79,4,N,14.03,39.44,22D,signal,high
21-79,4,J,33.33,44.32,22D,signal,high
21-79,4,F,49.33,45.31,22D,signal,high
21-79,4,M,17.65,45.34,22D,signal,high
21-79,4,L,23.35,48.76,22D,signal,high
21-79,4,G,43.65,48.76,22D,signal,high
21-79,4,K,29.8,50.24,22D,signal,high
21-79,4,H,37.19,50.24,22D,signal,high
23-6,4,A,36.94,17.19,8 Twinax,twinax,high
23-6,4,E,17.44,30.63,8 Twinax,twinax,high
23-6,4,B,56.51,30.64,8 Twinax,twinax,high
23-6,4,F,36.94,37.7,8 Twinax,twinax,high
23-6,4,D,24.85,53.6,8 Twinax,twinax,high
23-6,4,C,48.96,54.11,8 Twinax,twinax,high
23-14,4,A,37.89,15.83,12,signal,high
23-14,4,K,26.22,19.83,12,signal,high
23-14,4,B,49.79,19.89,12,signal,high
23-14,4,J,18.82,30.4,12,signal,high
23-14,4,C,57.22,30.43,12,signal,high
23-14,4,P,31.79,30.46,12,signal,high
23-14,4,L,44.08,30.46,12,signal,high
23-14,4,H,18.91,43.31,12,signal,high
23-14,4,D,57.33,43.35,12,signal,high
23-14,4,N,31.86,43.41,12,signal,high
23-14,4,M,44.15,43.41,12,signal,high
23-14,4,G,26.2,54.21,12,signal,high
23-14,4,E,49.71,54.26,12,signal,high
23-14,4,F,37.95,58.03,12,signal,high
23-21,4,A,42.62,16.76,16,signal,high
23-21,4,N,32.07,16.76,16,signal,high
23-21,4,M,18.29,22.29,16,signal,high
23-21,4,B,55.6,22.29,16,signal,high
23-21,4,P,36.75,26.26,16,signal,high
23-21,4,W,27.06,30.7,16,signal,high
23-21,4,R,46.36,30.7,16,signal,high
23-21,4,L,14.29,31.22,16,signal,high
23-21,4,C,58.17,31.62,16,signal,high
23-21,4,X,36.68,36.81,16,signal,high
23-21,4,V,24.47,38.05,16,signal,high
23-21,4,S,48.27,38.22,16,signal,high
23-21,4,K,13.39,39.48,16,signal,high
23-21,4,D,59.6,39.65,16,signal,high
23-21,4,U,29.3,45.49,16,signal,high
23-21,4,T,44.07,45.49,16,signal,high
23-21,4,E,55.23,47.44,16,signal,high
23-21,4,J,17.81,47.61,16,signal,high
23-21,4,H,24.9,56.28,16,signal,high
23-21,4,F,47.71,56.28,16,signal,high
23-21,4,G,36.75,58.02,16,signal,high
23-35,4,35,32.85,9.54,22D,signal,high
23-35,4,56,41.53,10.05,22D,signal,high
23-35,4,46,37.21,11.88,22D,signal,high
23-35,4,67,46.62,13.36,22D,signal,high
23-35,4,25,28.26,13.56,22D,signal,high
23-35,4,16,23.79,14.97,22D,signal,high
23-35,4,36,32.84,15.01,22D,signal,high
23-35,4,57,41.53,15.5,22D,signal,high
23-35,4,77,50.86,15.89,22D,signal,high
23-35,4,47,37.21,17.53,22D,signal,high
23-35,4,8,18.86,17.72,22D,signal,high
23-35,4,68,46.62,18.66,22D,signal,high
23-35,4,26,28.25,18.8,22D,signal,high
23-35,4,86,55.65,19.4,22D,signal,high
23-35,4,17,23.78,20.5,22D,signal,high
23-35,4,37,32.88,20.5,22D,signal,high
23-35,4,58,41.53,20.98,22D,signal,high
23-35,4,78,50.89,21.24,22D,signal,high
23-35,4,9,18.85,23.06,22D,signal,high
23-35,4,48,37.24,23.17,22D,signal,high
23-35,4,69,46.57,23.95,22D,signal,high
23-35,4,27,28.26,24.03,22D,signal,high
23-35,4,87,55.67,24.58,22D,signal,high
23-35,4,38,32.81,25.99,22D,signal,high
23-35,4,18,23.79,26.0,22D,signal,high
23-35,4,59,41.51,26.42,22D,signal,high
23-35,4,79,50.87,26.61,22D,signal,high
23-35,4,94,61.0,27.08,22D,signal,high
23-35,4,1,13.68,27.12,22D,signal,high
23-35,4,10,18.84,28.39,22D,signal,high
23-35,4,49,37.2,28.81,22D,signal,high
23-35,4,70,46.6,29.23,22D,signal,high
23-35,4,28,28.26,29.26,22D,signal,high
23-35,4,88,55.66,29.73,22D,signal,high
23-35,4,95,62.83,30.45,22D,signal,high
23-35,4,2,12.32,30.45,22D,signal,high
23-35,4,39,32.81,31.5,22D,signal,high
23-35,4,19,23.83,31.51,22D,signal,high
23-35,4,60,41.68,31.88,22D,signal,high
23-35,4,80,50.89,32.0,22D,signal,high
23-35,4,11,18.9,33.73,22D,signal,high
23-35,4,50,37.23,34.45,22D,signal,high
23-35,4,29,28.26,34.47,22D,signal,high
23-35,4,71,46.61,34.53,22D,signal,high
23-35,4,3,11.21,34.72,22D,signal,high
23-35,4,96,63.63,34.72,22D,signal,high
23-35,4,89,55.61,34.91,22D,signal,high
23-35,4,40,32.85,36.97,22D,signal,high
23-35,4,20,23.79,37.05,22D,signal,high
23-35,4,97,60.54,37.27,22D,signal,high
23-35,4,4,13.32,37.27,22D,signal,high
23-35,4,61,41.6,37.34,22D,signal,high
23-35,4,81,51.04,37.37,22D,signal,high
23-35,4,12,18.86,39.05,22D,signal,high
23-35,4,30,28.28,39.72,22D,signal,high
23-35,4,5,11.21,39.76,22D,signal,high
23-35,4,72,46.54,39.81,22D,signal,high
23-35,4,51,37.24,40.09,22D,signal,high
23-35,4,90,55.69,40.1,22D,signal,high
23-35,4,98,63.66,40.19,22D,signal,high
23-35,4,41,32.85,42.47,22D,signal,high
23-35,4,21,23.81,42.59,22D,signal,high
23-35,4,82,50.85,42.73,22D,signal,high
23-35,4,62,41.52,42.8,22D,signal,high
23-35,4,6,13.72,43.3,22D,signal,high
23-35,4,99,60.98,43.34,22D,signal,high
23-35,4,13,18.87,44.42,22D,signal,high
23-35,4,31,28.28,44.96,22D,signal,high
23-35,4,73,46.63,45.1,22D,signal,high
23-35,4,91,55.64,45.25,22D,signal,high
23-35,4,52,37.2,45.73,22D,signal,high
23-35,4,100,60.95,47.44,22D,signal,high
23-35,4,7,13.68,47.45,22D,signal,high
23-35,4,42,32.85,47.95,22D,signal,high
23-35,4,22,23.81,48.12,22D,signal,high
23-35,4,83,50.88,48.13,22D,signal,high
23-35,4,63,41.52,48.27,22D,signal,high
23-35,4,14,18.87,49.73,22D,signal,high
23-35,4,32,28.23,50.17,22D,signal,high
23-35,4,74,46.68,50.38,22D,signal,high
23-35,4,92,55.71,50.45,22D,signal,high
23-35,4,53,37.23,51.35,22D,signal,high
23-35,4,43,32.81,53.4,22D,signal,high
23-35,4,84,50.75,53.54,22D,signal,high
23-35,4,23,23.76,53.61,22D,signal,high
23-35,4,64,41.52,53.73,22D,signal,high
23-35,4,15,18.83,55.05,22D,signal,high
23-35,4,33,28.25,55.38,22D,signal,high
23-35,4,93,55.65,55.63,22D,signal,high
23-35,4,75,46.6,55.68,22D,signal,high
23-35,4,54,37.24,57.01,22D,signal,high
23-35,4,85,50.89,58.86,22D,signal,high
23-35,4,44,32.83,58.89,22D,signal,high
23-35,4,24,23.83,59.16,22D,signal,high
23-35,4,65,41.5,59.18,22D,signal,high
23-35,4,34,28.25,60.63,22D,signal,high
23-35,4,76,46.64,60.97,22D,signal,high
23-35,4,55,37.22,62.65,22D,signal,high
23-35,4,45,32.83,64.4,22D,signal,high
23-35,4,66,41.52,64.65,22D,signal,high
23-53,4,A,43.06,12.64,20,signal,high
23-53,4,S,31.47,12.66,20,signal,high
23-53,4,B,48.79,15.47,20,signal,high
23-53,4,R,26.03,15.62,20,signal,high
23-53,4,T,37.52,15.63,20,signal,high
23-53,4,P,20.09,18.11,20,signal,high
23-53,4,C,54.35,18.11,20,signal,high
23-53,4,U,42.97,19.82,20,signal,high
23-53,4,n,31.47,19.86,20,signal,high
23-53,4,V,48.91,22.78,20,signal,high
23-53,4,p,37.35,22.79,20,signal,high
23-53,4,m,25.91,22.93,20,signal,high
23-53,4,W,54.35,25.61,20,signal,high
23-53,4,k,20.09,25.66,20,signal,high
23-53,4,q,43.22,27.0,20,signal,high
23-53,4,AA,31.47,27.06,20,signal,high
23-53,4,N,14.16,27.21,20,signal,high
23-53,4,D,60.29,27.58,20,signal,high
23-53,4,BB,37.47,29.96,20,signal,high
23-53,4,r,48.91,30.1,20,signal,high
23-53,4,z,26.03,30.24,20,signal,high
23-53,4,X,54.35,33.11,20,signal,high
23-53,4,h,20.22,33.21,20,signal,high
23-53,4,CC,43.22,34.19,20,signal,high
23-53,4,GG,31.47,34.26,20,signal,high
23-53,4,HH,37.1,37.13,20,signal,high
23-53,4,M,14.28,37.3,20,signal,high
23-53,4,E,60.42,37.36,20,signal,high
23-53,4,s,48.91,37.41,20,signal,high
23-53,4,y,25.91,37.55,20,signal,high
23-53,4,Y,54.85,40.61,20,signal,high
23-53,4,g,19.97,40.76,20,signal,high
23-53,4,DD,43.1,41.37,20,signal,high
23-53,4,FF,31.72,41.46,20,signal,high
23-53,4,EE,37.35,44.3,20,signal,high
23-53,4,t,48.91,44.72,20,signal,high
23-53,4,x,25.66,44.86,20,signal,high
23-53,4,F,60.29,47.14,20,signal,high
23-53,4,L,14.53,47.39,20,signal,high
23-53,4,Z,54.48,48.11,20,signal,high
23-53,4,f,20.22,48.31,20,signal,high
23-53,4,u,43.1,48.55,20,signal,high
23-53,4,w,31.6,48.66,20,signal,high
23-53,4,v,37.6,51.46,20,signal,high
23-53,4,a,48.91,52.04,20,signal,high
23-53,4,e,25.78,52.16,20,signal,high
23-53,4,G,54.73,55.61,20,signal,high
23-53,4,b,43.22,55.74,20,signal,high
23-53,4,K,20.22,55.86,20,signal,high
23-53,4,d,31.72,55.86,20,signal,high
23-53,4,c,37.22,58.63,20,signal,high
23-53,4,H,48.91,59.35,20,signal,high
23-53,4,J,25.91,59.48,20,signal,high
23-54,4,1,46.88,14.38,22D,signal,high
23-54,4,24,27.68,14.51,22D,signal,high
23-54,4,2,50.16,15.93,22D,signal,high
23-54,4,23,24.39,16.09,22D,signal,high
23-54,4,3,53.33,17.94,22D,signal,high
23-54,4,25,36.93,18.08,12,signal,high
23-54,4,22,21.22,18.1,22D,signal,high
23-54,4,26,47.74,18.67,22D,signal,high
23-54,4,44,26.83,18.83,22D,signal,high
23-54,4,27,50.75,20.67,22D,signal,high
23-54,4,4,56.27,20.82,22D,signal,high
23-54,4,43,23.82,20.84,22D,signal,high
23-54,4,21,18.32,20.97,22D,signal,high
23-54,4,28,53.44,23.48,22D,signal,high
23-54,4,42,21.04,23.56,22D,signal,high
23-54,4,5,57.96,24.24,22D,signal,high
23-54,4,20,16.47,24.28,22D,signal,high
23-54,4,29,55.14,26.81,22D,signal,high
23-54,4,41,19.33,26.87,22D,signal,high
23-54,4,6,59.56,27.53,22D,signal,high
23-54,4,19,14.9,27.57,22D,signal,high
23-54,4,52,25.2,28.8,16,signal,high
23-54,4,45,36.93,28.8,16,signal,high
23-54,4,46,48.74,28.8,16,signal,high
23-54,4,30,57.47,36.96,12,signal,high
23-54,4,40,17.35,36.98,12,signal,high
23-54,4,51,25.2,37.43,16,signal,high
23-54,4,53,36.93,37.43,16,signal,high
23-54,4,47,48.74,37.43,16,signal,high
23-54,4,50,25.2,46.05,16,signal,high
23-54,4,49,36.93,46.05,16,signal,high
23-54,4,48,48.74,46.05,16,signal,high
23-54,4,18,14.91,46.29,22D,signal,high
23-54,4,7,59.82,46.31,22D,signal,high
23-54,4,39,19.36,47.01,22D,signal,high
23-54,4,31,55.39,47.05,22D,signal,high
23-54,4,8,58.24,49.61,22D,signal,high
23-54,4,17,16.5,49.61,22D,signal,high
23-54,4,38,21.07,50.29,22D,signal,high
23-54,4,32,53.65,50.34,22D,signal,high
23-54,4,16,18.35,52.87,22D,signal,high
23-54,4,9,56.4,52.92,22D,signal,high
23-54,4,37,23.85,53.04,22D,signal,high
23-54,4,33,50.87,53.06,22D,signal,high
23-54,4,36,26.85,55.03,22D,signal,high
23-54,4,34,47.86,55.06,22D,signal,high
23-54,4,15,21.27,55.74,22D,signal,high
23-54,4,10,53.45,55.8,22D,signal,high
23-54,4,14,24.43,57.75,22D,signal,high
23-54,4,11,50.29,57.78,22D,signal,high
23-54,4,35,36.93,57.88,12,signal,high
23-54,4,13,27.73,59.32,22D,signal,high
23-54,4,12,47.01,59.36,22D,signal,high
23-55,4,A,43.17,12.7,20,signal,high
23-55,4,U,31.4,12.72,20,signal,high
23-55,4,T,25.57,16.0,20,signal,high
23-55,4,B,49.12,16.01,20,signal,high
23-55,4,V,37.37,16.05,20,signal,high
23-55,4,C,55.07,19.28,20,signal,high
23-55,4,W,43.15,19.28,20,signal,high
23-55,4,n,31.4,19.28,20,signal,high
23-55,4,S,19.67,19.34,20,signal,high
23-55,4,X,49.12,22.67,20,signal,high
23-55,4,p,37.33,22.68,20,signal,high
23-55,4,m,25.55,22.81,20,signal,high
23-55,4,AA,31.4,25.96,20,signal,high
23-55,4,q,43.15,26.03,20,signal,high
23-55,4,Y,55.07,26.04,20,signal,high
23-55,4,k,19.65,26.23,20,signal,high
23-55,4,BB,37.34,29.49,20,signal,high
23-55,4,D,60.58,29.55,20,signal,high
23-55,4,R,13.72,29.55,20,signal,high
23-55,4,z,25.53,29.58,20,signal,high
23-55,4,r,49.14,29.59,20,signal,high
23-55,4,CC,43.22,33.02,20,signal,high
23-55,4,J,19.63,33.12,20,signal,high
23-55,4,Z,55.05,33.13,20,signal,high
23-55,4,GG,31.43,33.25,20,signal,high
23-55,4,P,13.73,36.66,20,signal,high
23-55,4,HH,37.32,36.67,20,signal,high
23-55,4,E,60.62,36.7,20,signal,high
23-55,4,s,49.13,36.71,20,signal,high
23-55,4,y,25.53,36.72,20,signal,high
23-55,4,i,19.57,40.14,20,signal,high
23-55,4,a,55.07,40.15,20,signal,high
23-55,4,FF,31.4,40.15,20,signal,high
23-55,4,DD,43.2,40.18,20,signal,high
23-55,4,EE,37.3,43.35,20,signal,high
23-55,4,t,49.11,43.4,20,signal,high
23-55,4,F,60.6,43.51,20,signal,high
23-55,4,x,25.52,43.53,20,signal,high
23-55,4,N,13.75,43.56,20,signal,high
23-55,4,w,31.41,46.9,20,signal,high
23-55,4,u,43.19,46.96,20,signal,high
23-55,4,h,19.64,46.98,20,signal,high
23-55,4,b,55.08,46.98,20,signal,high
23-55,4,c,49.11,50.17,20,signal,high
23-55,4,g,25.54,50.27,20,signal,high
23-55,4,v,37.31,50.28,20,signal,high
23-55,4,d,43.14,53.64,20,signal,high
23-55,4,f,31.37,53.66,20,signal,high
23-55,4,G,55.08,53.67,20,signal,high
23-55,4,M,19.64,53.74,20,signal,high
23-55,4,L,25.51,57.05,20,signal,high
23-55,4,e,37.3,57.06,20,signal,high
23-55,4,H,49.13,57.06,20,signal,high
23-55,4,K,31.36,60.6,20,signal,high
23-55,4,j,43.17,60.6,20,signal,high
25-4,4,a,37.25,13.89,20,signal,high
25-4,4,A,44.28,13.89,20,signal,high
25-4,4,B,51.13,15.47,20,signal,high
25-4,4,Z,31.1,15.99,20,signal,high
25-4,4,Y,25.31,18.98,20,signal,high
25-4,4,C,57.1,19.51,20,signal,high
25-4,4,b,45.33,20.56,20,signal,high
25-4,4,w,36.02,21.09,20,signal,high
25-4,4,v,29.7,23.02,20,signal,high
25-4,4,c,52.01,23.37,20,signal,high
25-4,4,X,20.04,24.07,20,signal,high
25-4,4,D,62.55,24.43,20,signal,high
25-4,4,GG,37.6,27.76,20,signal,high
25-4,4,x,44.63,27.94,20,signal,high
25-4,4,d,55.87,27.94,20,signal,high
25-4,4,u,25.13,28.11,20,signal,high
25-4,4,W,17.23,30.4,20,signal,high
25-4,4,E,65.53,30.57,20,signal,high
25-4,4,FF,32.59,33.63,16,signal,high
25-4,4,y,49.63,33.63,16,signal,high
25-4,4,HH,40.94,34.26,20,signal,high
25-4,4,t,22.5,34.61,20,signal,high
25-4,4,e,59.3,34.7,20,signal,high
25-4,4,V,14.59,37.07,20,signal,high
25-4,4,F,66.94,37.25,20,signal,high
25-4,4,f,61.49,40.59,20,signal,high
25-4,4,s,20.39,40.94,20,signal,high
25-4,4,EE,27.67,41.36,16,signal,high
25-4,4,LL,36.45,41.54,16,signal,high
25-4,4,JJ,45.59,41.54,16,signal,high
25-4,4,z,54.19,41.54,16,signal,high
25-4,4,U,14.07,44.28,20,signal,high
25-4,4,G,67.29,44.98,20,signal,high
25-4,4,g,59.21,46.91,20,signal,high
25-4,4,r,22.67,47.26,20,signal,high
25-4,4,KK,40.77,47.44,20,signal,high
25-4,4,AA,49.63,49.27,16,signal,high
25-4,4,DD,32.06,49.44,16,signal,high
25-4,4,T,16.35,51.65,20,signal,high
25-4,4,H,65.53,51.83,20,signal,high
25-4,4,q,25.66,52.71,20,signal,high
25-4,4,h,56.22,52.88,20,signal,high
25-4,4,BB,44.28,53.58,20,signal,high
25-4,4,CC,37.25,53.76,20,signal,high
25-4,4,S,19.51,56.92,20,signal,high
25-4,4,J,62.37,57.1,20,signal,high
25-4,4,p,29.7,58.33,20,signal,high
25-4,4,k,51.48,58.33,20,signal,high
25-4,4,m,45.51,60.96,20,signal,high
25-4,4,n,36.02,61.14,20,signal,high
25-4,4,R,24.08,62.19,20,signal,high
25-4,4,K,57.1,62.54,20,signal,high
25-4,4,P,30.23,66.06,20,signal,high
25-4,4,L,50.95,66.58,20,signal,high
25-4,4,N,37.08,67.46,20,signal,high
25-4,4,M,44.45,67.81,20,signal,high
25-7,4,55,43.6,12.71,22D,signal,high
25-7,4,37,37.92,12.71,22D,signal,high
25-7,4,29,32.57,14.05,22D,signal,high
25-7,4,64,49.03,14.06,22D,signal,high
25-7,4,72,54.29,16.17,22D,signal,high
25-7,4,22,27.34,16.18,22D,signal,high
25-7,4,46,40.71,16.87,22D,signal,high
25-7,4,56,45.33,17.24,22D,signal,high
25-7,4,38,36.05,17.24,22D,signal,high
25-7,4,30,31.77,18.76,22D,signal,high
25-7,4,65,49.92,18.76,22D,signal,high
25-7,4,16,22.8,19.62,22D,signal,high
25-7,4,79,59.08,19.62,22D,signal,high
25-7,4,23,27.4,21.05,22D,signal,high
25-7,4,73,54.6,21.28,22D,signal,high
25-7,4,39,37.34,21.94,22D,signal,high
25-7,4,57,44.58,21.94,22D,signal,high
25-7,4,85,62.85,23.66,22D,signal,high
25-7,4,31,32.57,23.66,22D,signal,high
25-7,4,66,49.12,23.66,22D,signal,high
25-7,4,7,18.78,23.66,22D,signal,high
25-7,4,17,23.58,24.32,22D,signal,high
25-7,4,80,58.17,24.32,22D,signal,high
25-7,4,47,40.71,25.47,22D,signal,high
25-7,4,74,53.37,26.03,22D,signal,high
25-7,4,24,28.58,26.16,22D,signal,high
25-7,4,58,45.38,27.02,22D,signal,high
25-7,4,40,36.25,27.02,22D,signal,high
25-7,4,8,20.85,28.33,22D,signal,high
25-7,4,86,60.98,28.33,22D,signal,high
25-7,4,1,15.97,28.75,22D,signal,high
25-7,4,94,65.66,28.75,22D,signal,high
25-7,4,32,31.77,29.71,22D,signal,high
25-7,4,67,50.09,29.71,22D,signal,high
25-7,4,18,25.1,29.8,22D,signal,high
25-7,4,81,56.24,29.8,22D,signal,high
25-7,4,48,40.71,30.46,22D,signal,high
25-7,4,41,36.19,31.98,22D,signal,high
25-7,4,59,45.5,31.98,22D,signal,high
25-7,4,9,18.27,32.69,22D,signal,high
25-7,4,87,63.08,32.86,22D,signal,high
25-7,4,2,13.73,34.04,22D,signal,high
25-7,4,95,67.53,34.04,22D,signal,high
25-7,4,49,40.71,35.68,22D,signal,high
25-7,4,88,64.11,37.54,22D,signal,high
25-7,4,10,17.0,37.54,22D,signal,high
25-7,4,3,12.87,39.51,22D,signal,high
25-7,4,96,68.37,39.71,22D,signal,high
25-7,4,25,28.89,40.71,8 Twinax,twinax,high
25-7,4,75,52.72,40.77,8 Twinax,twinax,high
25-7,4,50,40.71,41.01,22D,signal,high
25-7,4,89,64.46,42.04,22D,signal,high
25-7,4,11,16.77,42.05,22D,signal,high
25-7,4,4,13.05,45.32,22D,signal,high
25-7,4,97,68.21,45.46,22D,signal,high
25-7,4,51,40.71,46.57,22D,signal,high
25-7,4,12,17.71,47.04,22D,signal,high
25-7,4,90,63.44,47.32,22D,signal,high
25-7,4,42,36.03,49.93,22D,signal,high
25-7,4,60,45.17,49.93,22D,signal,high
25-7,4,5,14.6,50.94,22D,signal,high
25-7,4,98,66.71,51.28,22D,signal,high
25-7,4,52,40.71,51.79,22D,signal,high
25-7,4,13,19.31,51.8,22D,signal,high
25-7,4,91,62.37,51.8,22D,signal,high
25-7,4,33,32.13,52.45,22D,signal,high
25-7,4,68,49.42,52.45,22D,signal,high
25-7,4,82,55.74,52.53,22D,signal,high
25-7,4,19,25.46,52.53,22D,signal,high
25-7,4,43,35.75,55.23,22D,signal,high
25-7,4,61,45.74,55.23,22D,signal,high
25-7,4,14,21.55,55.87,22D,signal,high
25-7,4,92,59.39,55.88,22D,signal,high
25-7,4,76,52.52,56.05,22D,signal,high
25-7,4,6,16.84,56.05,22D,signal,high
25-7,4,26,28.93,56.09,22D,signal,high
25-7,4,99,64.07,56.26,22D,signal,high
25-7,4,53,40.71,56.78,22D,signal,high
25-7,4,34,32.93,58.62,22D,signal,high
25-7,4,69,48.27,58.9,22D,signal,high
25-7,4,83,56.0,59.42,22D,signal,high
25-7,4,20,25.32,59.47,22D,signal,high
25-7,4,62,44.25,60.31,22D,signal,high
25-7,4,44,37.01,60.31,22D,signal,high
25-7,4,93,60.82,60.39,22D,signal,high
25-7,4,15,20.35,60.39,22D,signal,high
25-7,4,27,28.96,62.23,22D,signal,high
25-7,4,77,52.0,62.23,22D,signal,high
25-7,4,21,24.54,64.18,22D,signal,high
25-7,4,35,33.5,64.24,22D,signal,high
25-7,4,70,47.75,64.29,22D,signal,high
25-7,4,84,56.37,64.29,22D,signal,high
25-7,4,63,43.18,65.38,22D,signal,high
25-7,4,45,38.13,65.38,22D,signal,high
25-7,4,28,29.6,66.99,22D,signal,high
25-7,4,78,51.8,67.22,22D,signal,high
25-7,4,36,34.65,68.83,22D,signal,high
25-7,4,71,47.28,69.05,22D,signal,high
25-7,4,54,40.71,69.51,22D,signal,high
25-8,4,A,41.16,17.77,8 Twinax,twinax,high
25-8,4,G,23.44,29.27,8 Twinax,twinax,high
25-8,4,B,60.61,29.27,8 Twinax,twinax,high
25-8,4,H,41.16,40.93,8 Twinax,twinax,high
25-8,4,F,20.05,46.37,8 Twinax,twinax,high
25-8,4,C,62.37,46.37,8 Twinax,twinax,high
25-8,4,E,31.48,62.09,8 Twinax,twinax,high
25-8,4,D,50.0,62.09,8 Twinax,twinax,high
25-17,4,U,29.32,14.57,22D,signal,high
25-17,4,B,52.07,14.57,22D,signal,high
25-17,4,T,23.79,17.3,22D,signal,high
25-17,4,C,57.59,17.47,22D,signal,high
25-17,4,A,40.6,18.15,8 Twinax,twinax,high
25-17,4,V,52.78,19.39,22D,signal,high
25-17,4,a,28.64,19.4,22D,signal,high
25-17,4,b,33.67,28.4,22D,signal,high
25-17,4,d,47.75,28.43,22D,signal,high
25-17,4,S,21.26,28.9,8 Twinax,twinax,high
25-17,4,D,59.78,28.91,8 Twinax,twinax,high
25-17,4,c,40.69,30.57,22D,signal,high
25-17,4,q,31.62,35.57,22D,signal,high
25-17,4,r,36.65,35.59,22D,signal,high
25-17,4,s,44.46,35.6,22D,signal,high
25-17,4,e,49.49,35.61,22D,signal,high
25-17,4,R,11.62,37.34,22D,signal,high
25-17,4,E,69.32,37.84,22D,signal,high
25-17,4,w,34.32,40.58,22D,signal,high
25-17,4,t,46.67,40.58,22D,signal,high
25-17,4,Z,15.46,40.59,22D,signal,high
25-17,4,W,65.18,40.59,22D,signal,high
25-17,4,f,51.84,40.6,22D,signal,high
25-17,4,p,28.99,40.6,22D,signal,high
25-17,4,P,11.46,43.68,22D,signal,high
25-17,4,F,68.84,44.17,22D,signal,high
25-17,4,u,44.47,45.82,22D,signal,high
25-17,4,g,49.51,45.82,22D,signal,high
25-17,4,n,31.58,45.84,22D,signal,high
25-17,4,v,36.66,45.87,22D,signal,high
25-17,4,k,40.13,50.84,22D,signal,high
25-17,4,G,59.79,51.81,8 Twinax,twinax,high
25-17,4,N,21.25,51.82,8 Twinax,twinax,high
25-17,4,m,33.04,53.02,22D,signal,high
25-17,4,h,47.25,53.03,22D,signal,high
25-17,4,Y,28.07,62.03,22D,signal,high
25-17,4,X,52.23,62.04,22D,signal,high
25-17,4,K,40.61,62.56,8 Twinax,twinax,high
25-17,4,M,23.22,64.01,22D,signal,high
25-17,4,H,57.1,64.04,22D,signal,high
25-17,4,L,28.74,67.09,22D,signal,high
25-17,4,J,51.6,67.11,22D,signal,high
25-19,4,M,27.2,16.57,12,signal,high
25-19,4,A,40.99,16.57,12,signal,high
25-19,4,B,54.78,16.57,12,signal,high
25-19,4,L,22.46,28.49,12,signal,high
25-19,4,N,34.76,28.49,12,signal,high
25-19,4,P,47.05,28.49,12,signal,high
25-19,4,C,59.35,28.49,12,signal,high
25-19,4,K,15.81,40.4,12,signal,high
25-19,4,U,28.44,40.4,12,signal,high
25-19,4,V,41.07,40.4,12,signal,high
25-19,4,R,53.7,40.4,12,signal,high
25-19,4,D,66.33,40.4,12,signal,high
25-19,4,J,22.38,52.32,12,signal,high
25-19,4,T,34.73,52.32,12,signal,high
25-19,4,S,47.08,52.32,12,signal,high
25-19,4,E,59.43,52.32,12,signal,high
25-19,4,H,27.36,64.24,12,signal,high
25-19,4,G,41.07,64.24,12,signal,high
25-19,4,F,54.78,64.24,12,signal,high
25-20,4,S,41.69,15.42,20,signal,high
25-20,4,B,59.14,15.67,20,signal,high
25-20,4,R,33.93,19.83,16,signal,high
25-20,4,A,50.32,20.21,8 Twinax,twinax,high
25-20,4,C,67.12,20.81,16,signal,high
25-20,4,T,62.53,25.44,16,signal,high
25-20,4,Z,38.75,25.48,16,signal,high
25-20,4,P,29.32,26.34,16,signal,high
25-20,4,D,71.79,26.6,16,signal,high
25-20,4,U,66.1,31.5,16,signal,high
25-20,4,Y,33.8,32.08,16,signal,high
25-20,4,5,50.53,32.84,12 Coax,coax,high
25-20,4,E,75.03,33.29,16,signal,high
25-20,4,N,25.31,33.78,16,signal,high
25-20,4,4,39.78,35.58,20,signal,high
25-20,4,1,60.49,35.58,20,signal,high
25-20,4,F,76.16,41.97,16,signal,high
25-20,4,3,33.14,42.19,12 Coax,coax,high
25-20,4,6,58.75,42.48,20,signal,high
25-20,4,7,41.36,42.56,20,signal,high
25-20,4,M,24.38,42.97,16,signal,high
25-20,4,2,66.77,43.22,12 Coax,coax,high
25-20,4,W,50.61,44.93,12 Coax,coax,high
25-20,4,X,31.95,49.96,20,signal,high
25-20,4,V,69.07,50.79,20,signal,high
25-20,4,G,69.9,55.6,20,signal,high
25-20,4,L,30.29,56.39,20,signal,high
25-20,4,K,42.35,56.67,8 Twinax,twinax,high
25-20,4,H,58.38,56.76,8 Twinax,twinax,high
25-20,4,J,50.32,65.91,16,signal,high
25-24,4,A,40.66,13.29,12,signal,high
25-24,4,B,49.01,18.65,12,signal,high
25-24,4,P,31.44,18.78,12,signal,high
25-24,4,C,56.41,23.28,16,signal,high
25-24,4,N,23.76,23.4,16,signal,high
25-24,4,R,41.16,25.22,12,signal,high
25-24,4,Y,29.82,29.87,12,signal,high
25-24,4,S,51.88,30.37,12,signal,high
25-24,4,M,19.1,32.61,12,signal,high
25-24,4,D,61.6,32.74,12,signal,high
25-24,4,Z,40.95,36.03,16,signal,high
25-24,4,X,27.39,39.18,12,signal,high
25-24,4,T,53.75,39.18,12,signal,high
25-24,4,L,17.11,43.08,12,signal,high
25-24,4,E,64.59,43.08,12,signal,high
25-24,4,a,40.7,46.84,16,signal,high
25-24,4,W,27.62,49.63,16,signal,high
25-24,4,U,53.42,50.63,16,signal,high
25-24,4,K,18.58,53.69,16,signal,high
25-24,4,F,62.33,54.56,16,signal,high
25-24,4,V,40.58,57.65,16,signal,high
25-24,4,G,54.29,60.98,16,signal,high
25-24,4,J,27.06,62.78,16,signal,high
25-24,4,H,40.46,68.45,16,signal,high
25-29,4,A,40.81,13.86,16,signal,high
25-29,4,R,26.77,18.34,16,signal,high
25-29,4,B,54.43,18.72,16,signal,high
25-29,4,S,34.87,23.39,16,signal,high
25-29,4,T,46.71,23.39,16,signal,high
25-29,4,C,63.16,25.07,16,signal,high
25-29,4,P,19.16,25.82,16,signal,high
25-29,4,c,40.81,30.32,16,signal,high
25-29,4,b,25.77,32.74,16,signal,high
25-29,4,U,56.05,32.74,16,signal,high
25-29,4,N,13.43,34.17,16,signal,high
25-29,4,D,68.27,34.17,16,signal,high
25-29,4,f,32.25,39.09,16,signal,high
25-29,4,d,48.82,39.09,16,signal,high
25-29,4,a,20.41,40.15,16,signal,high
25-29,4,V,61.16,40.15,16,signal,high
25-29,4,M,14.18,44.33,16,signal,high
25-29,4,e,40.81,44.42,16,signal,high
25-29,4,E,67.64,44.7,16,signal,high
25-29,4,Z,26.39,48.19,16,signal,high
25-29,4,W,55.68,48.19,16,signal,high
25-29,4,L,17.54,52.49,16,signal,high
25-29,4,F,63.41,52.49,16,signal,high
25-29,4,Y,35.49,54.59,16,signal,high
25-29,4,X,46.52,54.72,16,signal,high
25-29,4,G,58.42,61.59,16,signal,high
25-29,4,K,23.28,61.71,16,signal,high
25-29,4,H,46.52,67.32,16,signal,high
25-29,4,J,35.49,67.44,16,signal,high
25-35,4,59,40.56,10.06,22D,signal,high
25-35,4,71,44.43,10.22,22D,signal,high
25-35,4,48,36.8,10.36,22D,signal,high
25-35,4,82,48.17,10.8,22D,signal,high
25-35,4,36,33.54,11.04,22D,signal,high
25-35,4,94,51.99,11.94,22D,signal,high
25-35,4,25,29.49,12.66,22D,signal,high
25-35,4,105,55.58,13.2,22D,signal,high
25-35,4,15,25.77,14.34,22D,signal,high
25-35,4,60,40.56,15.54,22D,signal,high
25-35,4,83,48.17,16.07,22D,signal,high
25-35,4,115,59.68,16.21,22D,signal,high
25-35,4,72,44.43,16.22,22D,signal,high
25-35,4,49,37.06,16.29,22D,signal,high
25-35,4,37,33.39,16.3,22D,signal,high
25-35,4,8,21.99,16.63,22D,signal,high
25-35,4,95,51.98,17.51,22D,signal,high
25-35,4,26,29.58,18.15,22D,signal,high
25-35,4,106,55.58,19.04,22D,signal,high
25-35,4,16,25.77,19.95,22D,signal,high
25-35,4,61,40.44,20.12,22D,signal,high
25-35,4,73,44.29,20.69,22D,signal,high
25-35,4,50,36.89,20.81,22D,signal,high
25-35,4,84,48.17,21.34,22D,signal,high
25-35,4,122,64.27,21.45,22D,signal,high
25-35,4,38,33.39,21.57,22D,signal,high
25-35,4,1,17.35,21.68,22D,signal,high
25-35,4,96,51.98,23.08,22D,signal,high
25-35,4,27,29.58,23.65,22D,signal,high
25-35,4,116,59.66,23.82,22D,signal,high
25-35,4,9,21.99,24.18,22D,signal,high
25-35,4,107,55.58,24.99,22D,signal,high
25-35,4,17,25.77,25.55,22D,signal,high
25-35,4,62,40.56,26.48,22D,signal,high
25-35,4,85,48.17,26.61,22D,signal,high
25-35,4,39,33.39,26.84,22D,signal,high
25-35,4,2,14.08,27.7,22D,signal,high
25-35,4,123,67.72,27.82,22D,signal,high
25-35,4,51,37.06,28.14,22D,signal,high
25-35,4,74,44.43,28.23,22D,signal,high
25-35,4,97,51.98,28.64,22D,signal,high
25-35,4,28,29.58,29.14,22D,signal,high
25-35,4,108,55.58,30.94,22D,signal,high
25-35,4,18,25.77,31.16,22D,signal,high
25-35,4,10,21.99,31.72,22D,signal,high
25-35,4,86,48.17,31.88,22D,signal,high
25-35,4,117,59.68,31.89,22D,signal,high
25-35,4,63,40.56,31.96,22D,signal,high
25-35,4,40,33.39,32.1,22D,signal,high
25-35,4,124,69.41,33.51,22D,signal,high
25-35,4,3,11.67,33.51,22D,signal,high
25-35,4,52,37.06,34.07,22D,signal,high
25-35,4,98,51.98,34.21,22D,signal,high
25-35,4,75,44.43,34.24,22D,signal,high
25-35,4,29,29.58,34.63,22D,signal,high
25-35,4,19,25.77,36.77,22D,signal,high
25-35,4,109,55.58,36.9,22D,signal,high
25-35,4,87,48.17,37.15,22D,signal,high
25-35,4,41,33.39,37.37,22D,signal,high
25-35,4,64,40.56,37.43,22D,signal,high
25-35,4,11,21.99,39.26,22D,signal,high
25-35,4,99,51.98,39.78,22D,signal,high
25-35,4,125,70.27,39.85,22D,signal,high
25-35,4,4,11.52,39.85,22D,signal,high
25-35,4,118,59.68,39.95,22D,signal,high
25-35,4,53,37.05,40.0,22D,signal,high
25-35,4,30,29.58,40.13,22D,signal,high
25-35,4,76,44.43,40.25,22D,signal,high
25-35,4,20,25.77,42.38,22D,signal,high
25-35,4,88,48.17,42.42,22D,signal,high
25-35,4,42,33.39,42.64,22D,signal,high
25-35,4,110,55.58,42.85,22D,signal,high
25-35,4,65,40.56,42.9,22D,signal,high
25-35,4,100,51.98,45.34,22D,signal,high
25-35,4,31,29.58,45.62,22D,signal,high
25-35,4,126,69.61,45.88,22D,signal,high
25-35,4,5,12.27,45.88,22D,signal,high
25-35,4,54,37.06,45.92,22D,signal,high
25-35,4,77,44.43,46.25,22D,signal,high
25-35,4,12,21.99,46.8,22D,signal,high
25-35,4,89,48.17,47.69,22D,signal,high
25-35,4,43,33.39,47.9,22D,signal,high
25-35,4,21,25.77,47.98,22D,signal,high
25-35,4,119,59.68,48.01,22D,signal,high
25-35,4,66,40.56,48.38,22D,signal,high
25-35,4,111,55.58,48.81,22D,signal,high
25-35,4,101,51.98,50.91,22D,signal,high
25-35,4,32,29.58,51.11,22D,signal,high
25-35,4,55,37.06,51.85,22D,signal,high
25-35,4,78,44.43,52.25,22D,signal,high
25-35,4,127,67.5,52.4,22D,signal,high
25-35,4,6,14.0,52.4,22D,signal,high
25-35,4,90,48.17,52.96,22D,signal,high
25-35,4,44,33.39,53.17,22D,signal,high
25-35,4,22,25.77,53.59,22D,signal,high
25-35,4,67,40.56,53.85,22D,signal,high
25-35,4,112,55.58,54.76,22D,signal,high
25-35,4,13,21.99,55.21,22D,signal,high
25-35,4,120,59.68,55.21,22D,signal,high
25-35,4,102,51.98,56.48,22D,signal,high
25-35,4,33,29.58,56.6,22D,signal,high
25-35,4,7,16.76,58.0,22D,signal,high
25-35,4,91,48.17,58.23,22D,signal,high
25-35,4,45,33.39,58.43,22D,signal,high
25-35,4,128,64.53,58.68,22D,signal,high
25-35,4,56,36.92,59.56,22D,signal,high
25-35,4,79,44.43,59.66,22D,signal,high
25-35,4,23,25.77,59.96,22D,signal,high
25-35,4,113,55.58,59.96,22D,signal,high
25-35,4,68,40.69,60.22,22D,signal,high
25-35,4,103,51.98,62.05,22D,signal,high
25-35,4,34,29.58,62.1,22D,signal,high
25-35,4,14,21.99,63.01,22D,signal,high
25-35,4,121,59.68,63.01,22D,signal,high
25-35,4,92,48.17,63.5,22D,signal,high
25-35,4,46,33.39,63.7,22D,signal,high
25-35,4,80,44.43,64.26,22D,signal,high
25-35,4,57,36.93,64.6,22D,signal,high
25-35,4,69,40.56,64.8,22D,signal,high
25-35,4,24,26.06,64.81,22D,signal,high
25-35,4,114,55.58,66.51,22D,signal,high
25-35,4,104,51.98,67.53,22D,signal,high
25-35,4,35,29.58,67.59,22D,signal,high
25-35,4,93,48.17,68.69,22D,signal,high
25-35,4,47,33.39,68.89,22D,signal,high
25-35,4,58,36.89,69.34,22D,signal,high
25-35,4,81,44.43,69.43,22D,signal,high
25-35,4,70,40.4,69.7,22D,signal,high
25-41,4,P,37.84,17.88,16,signal,high
25-41,4,B,64.23,17.88,16,signal,high
25-41,4,A,51.56,18.33,8 Twinax,twinax,high
25-41,4,N,30.9,23.82,16,signal,high
25-41,4,C,71.71,24.0,16,signal,high
25-41,4,Y,37.55,26.02,22D,signal,high
25-41,4,R,64.89,26.02,22D,signal,high
25-41,4,e,51.18,29.13,22D,signal,high
25-41,4,D,78.31,29.93,16,signal,high
25-41,4,M,24.98,30.06,16,signal,high
25-41,4,d,41.25,30.2,22D,signal,high
25-41,4,Z,61.19,30.2,22D,signal,high
25-41,4,X,34.58,33.8,12 Coax,coax,high
25-41,4,S,68.49,33.8,12 Coax,coax,high
25-41,4,n,43.33,34.96,22D,signal,high
25-41,4,f,59.11,34.96,22D,signal,high
25-41,4,p,51.09,35.39,22D,signal,high
25-41,4,E,78.86,38.88,16,signal,high
25-41,4,W,28.61,39.52,22D,signal,high
25-41,4,T,73.82,39.52,22D,signal,high
25-41,4,L,24.25,39.92,16,signal,high
25-41,4,m,40.0,40.57,22D,signal,high
25-41,4,q,59.93,40.78,22D,signal,high
25-41,4,g,64.69,40.78,22D,signal,high
25-41,4,s,45.41,40.92,22D,signal,high
25-41,4,c,32.99,41.46,22D,signal,high
25-41,4,a,69.45,41.46,22D,signal,high
25-41,4,t,51.09,42.34,22D,signal,high
25-41,4,k,40.57,45.15,22D,signal,high
25-41,4,h,61.87,45.15,22D,signal,high
25-41,4,r,51.09,48.79,22D,signal,high
25-41,4,j,44.59,49.43,22D,signal,high
25-41,4,i,57.85,49.43,22D,signal,high
25-41,4,F,71.18,51.05,8 Twinax,twinax,high
25-41,4,K,31.63,51.42,8 Twinax,twinax,high
25-41,4,b,51.04,56.4,20,signal,high
25-41,4,V,47.16,60.22,20,signal,high
25-41,4,U,55.36,60.22,20,signal,high
25-41,4,J,39.28,64.02,16,signal,high
25-41,4,G,63.52,64.02,16,signal,high
25-41,4,H,51.4,65.48,16,signal,high
25-43,4,A,43.99,14.52,20,signal,high
25-43,4,Z,37.52,14.63,20,signal,high
25-43,4,B,51.17,16.21,20,signal,high
25-43,4,Y,30.34,16.29,20,signal,high
25-43,4,C,57.14,19.82,20,signal,high
25-43,4,X,24.36,19.93,20,signal,high
25-43,4,n,32.48,23.79,16,signal,high
25-43,4,p,40.83,23.79,16,signal,high
25-43,4,a,49.18,23.79,16,signal,high
25-43,4,D,62.43,24.7,20,signal,high
25-43,4,W,19.08,24.79,20,signal,high
25-43,4,E,65.64,30.65,20,signal,high
25-43,4,V,15.88,30.76,20,signal,high
25-43,4,m,28.36,32.44,16,signal,high
25-43,4,w,36.63,32.44,16,signal,high
25-43,4,q,44.9,32.44,16,signal,high
25-43,4,b,53.17,32.44,16,signal,high
25-43,4,F,67.79,37.44,20,signal,high
25-43,4,U,13.78,37.55,20,signal,high
25-43,4,k,23.88,41.1,16,signal,high
25-43,4,v,31.98,41.1,16,signal,high
25-43,4,x,40.7,41.1,16,signal,high
25-43,4,r,49.55,41.1,16,signal,high
25-43,4,c,58.03,41.1,16,signal,high
25-43,4,G,67.79,44.43,20,signal,high
25-43,4,T,13.78,44.54,20,signal,high
25-43,4,h,23.75,49.52,16,signal,high
25-43,4,u,31.61,49.52,16,signal,high
25-43,4,t,40.7,49.52,16,signal,high
25-43,4,s,49.43,49.52,16,signal,high
25-43,4,d,58.03,49.52,16,signal,high
25-43,4,H,65.64,51.45,20,signal,high
25-43,4,S,15.86,51.56,20,signal,high
25-43,4,J,62.27,57.18,20,signal,high
25-43,4,R,19.28,57.29,20,signal,high
25-43,4,e,49.3,58.31,16,signal,high
25-43,4,g,32.23,58.31,16,signal,high
25-43,4,f,40.45,58.31,16,signal,high
25-43,4,K,57.39,61.64,20,signal,high
25-43,4,P,24.19,61.79,20,signal,high
25-43,4,L,51.26,65.45,20,signal,high
25-43,4,N,30.32,65.54,20,signal,high
25-43,4,M,40.7,67.44,20,signal,high
25-46,4,W,33.68,13.36,20,signal,high
25-46,4,A,47.66,13.51,20,signal,high
25-46,4,B,56.14,16.57,20,signal,high
25-46,4,V,24.75,17.68,20,signal,high
25-46,4,X,46.52,21.0,20,signal,high
25-46,4,t,34.92,21.1,20,signal,high
25-46,4,C,62.53,22.88,20,signal,high
25-46,4,U,18.38,23.76,20,signal,high
25-46,4,s,30.31,24.77,20,signal,high
25-46,4,Y,51.06,24.78,20,signal,high
25-46,4,u,40.68,24.92,20,signal,high
25-46,4,r,24.88,29.66,20,signal,high
25-46,4,Z,56.62,29.72,20,signal,high
25-46,4,T,14.5,30.18,20,signal,high
25-46,4,D,67.33,30.28,20,signal,high
25-46,4,v,46.8,30.47,16,signal,high
25-46,4,AA,34.66,30.5,16,signal,high
25-46,4,a,60.27,36.13,20,signal,high
25-46,4,q,21.25,36.33,20,signal,high
25-46,4,E,68.75,36.93,20,signal,high
25-46,4,S,12.33,36.93,20,signal,high
25-46,4,z,32.19,40.86,8 Coax,coax,high
25-46,4,w,50.17,41.26,8 Coax,coax,high
25-46,4,p,19.66,41.29,20,signal,high
25-46,4,b,61.95,41.48,20,signal,high
25-46,4,F,68.88,44.01,20,signal,high
25-46,4,R,12.43,44.14,20,signal,high
25-46,4,c,60.32,46.47,20,signal,high
25-46,4,n,21.26,46.61,20,signal,high
25-46,4,d,56.56,50.65,20,signal,high
25-46,4,m,24.91,50.66,20,signal,high
25-46,4,G,67.0,50.96,20,signal,high
25-46,4,P,14.55,50.99,20,signal,high
25-46,4,x,46.8,52.36,16,signal,high
25-46,4,y,34.65,52.38,16,signal,high
25-46,4,k,27.58,55.2,20,signal,high
25-46,4,e,53.96,55.25,20,signal,high
25-46,4,H,62.92,57.86,20,signal,high
25-46,4,N,19.03,57.87,20,signal,high
25-46,4,h,32.19,59.0,20,signal,high
25-46,4,f,49.19,59.0,20,signal,high
25-46,4,M,24.14,64.24,20,signal,high
25-46,4,J,56.73,64.5,20,signal,high
25-46,4,g,40.54,65.6,20,signal,high
25-46,4,L,33.74,68.85,20,signal,high
25-46,4,K,46.21,68.88,20,signal,high
25-61,4,A,51.39,15.25,20,signal,high
25-61,4,Z,29.65,15.69,20,signal,high
25-61,4,a,35.96,17.65,20,signal,high
25-61,4,b,45.11,17.65,20,signal,high
25-61,4,B,57.28,18.3,20,signal,high
25-61,4,Y,23.75,18.77,20,signal,high
25-61,4,u,30.82,22.1,20,signal,high
25-61,4,c,50.19,22.11,20,signal,high
25-61,4,X,19.21,23.07,20,signal,high
25-61,4,C,61.85,23.1,20,signal,high
25-61,4,v,40.87,23.4,20,signal,high
25-61,4,t,25.29,26.33,20,signal,high
25-61,4,d,55.73,26.35,20,signal,high
25-61,4,w,49.02,28.93,20,signal,high
25-61,4,W,15.5,29.18,20,signal,high
25-61,4,D,65.54,29.19,20,signal,high
25-61,4,GG,32.06,29.38,20,signal,high
25-61,4,HH,40.87,30.14,20,signal,high
25-61,4,e,59.58,31.46,20,signal,high
25-61,4,s,21.51,31.89,20,signal,high
25-61,4,x,53.46,33.92,20,signal,high
25-61,4,FF,27.58,34.28,20,signal,high
25-61,4,V,13.56,35.47,20,signal,high
25-61,4,E,67.48,35.49,20,signal,high
25-61,4,NN,34.35,35.71,20,signal,high
25-61,4,JJ,46.07,35.71,20,signal,high
25-61,4,f,61.09,38.18,20,signal,high
25-61,4,r,19.99,38.2,20,signal,high
25-61,4,PP,40.89,39.74,20,signal,high
25-61,4,EE,26.21,40.9,20,signal,high
25-61,4,y,54.87,40.94,20,signal,high
25-61,4,KK,48.24,41.9,20,signal,high
25-61,4,MM,32.83,41.94,20,signal,high
25-61,4,U,13.32,41.99,20,signal,high
25-61,4,F,68.37,42.0,20,signal,high
25-61,4,g,61.63,44.61,20,signal,high
25-61,4,q,20.1,45.06,20,signal,high
25-61,4,LL,40.87,46.92,20,signal,high
25-61,4,DD,28.6,47.0,20,signal,high
25-61,4,z,52.47,47.04,20,signal,high
25-61,4,G,67.27,48.63,20,signal,high
25-61,4,T,14.4,48.63,20,signal,high
25-61,4,h,59.02,50.93,20,signal,high
25-61,4,p,22.9,51.13,20,signal,high
25-61,4,AA,48.13,51.77,20,signal,high
25-61,4,CC,32.9,51.78,20,signal,high
25-61,4,BB,40.89,53.63,20,signal,high
25-61,4,S,17.23,54.82,20,signal,high
25-61,4,H,63.81,54.84,20,signal,high
25-61,4,n,26.82,55.7,20,signal,high
25-61,4,i,54.24,55.71,20,signal,high
25-61,4,j,48.79,59.1,20,signal,high
25-61,4,m,32.68,59.1,20,signal,high
25-61,4,R,21.17,59.59,20,signal,high
25-61,4,J,59.89,59.63,20,signal,high
25-61,4,k,40.85,59.69,20,signal,high
25-61,4,P,26.18,63.31,20,signal,high
25-61,4,K,54.91,63.31,20,signal,high
25-61,4,L,49.49,65.93,20,signal,high
25-61,4,N,32.47,66.36,20,signal,high
25-61,4,M,40.86,67.14,20,signal,high
25-90,4,W,33.68,13.36,20,signal,high
25-90,4,A,47.66,13.51,20,signal,high
25-90,4,B,56.14,16.57,20,signal,high
25-90,4,V,24.75,17.68,20,signal,high
25-90,4,X,46.52,21.0,20,signal,high
25-90,4,t,34.92,21.1,20,signal,high
25-90,4,C,62.53,22.88,20,signal,high
25-90,4,U,18.38,23.76,20,signal,high
25-90,4,s,30.31,24.77,20,signal,high
25-90,4,Y,51.06,24.78,20,signal,high
25-90,4,u,40.68,24.92,20,signal,high
25-90,4,r,24.88,29.66,20,signal,high
25-90,4,Z,56.62,29.72,20,signal,high
25-90,4,T,14.5,30.18,20,signal,high
25-90,4,D,67.33,30.28,20,signal,high
25-90,4,v,46.8,30.47,16,signal,high
25-90,4,AA,34.66,30.5,16,signal,high
25-90,4,a,60.27,36.13,20,signal,high
25-90,4,q,21.25,36.33,20,signal,high
25-90,4,E,68.75,36.93,20,signal,high
25-90,4,S,12.33,36.93,20,signal,high
25-90,4,z,32.19,40.86,8 Twinax,twinax,high
25-90,4,w,50.17,41.26,8 Twinax,twinax,high
25-90,4,p,19.66,41.29,20,signal,high
25-90,4,b,61.95,41.48,20,signal,high
25-90,4,F,68.88,44.01,20,signal,high
25-90,4,R,12.43,44.14,20,signal,high
25-90,4,c,60.32,46.47,20,signal,high
25-90,4,n,21.26,46.61,20,signal,high
25-90,4,d,56.56,50.65,20,signal,high
25-90,4,m,24.91,50.66,20,signal,high
25-90,4,G,67.0,50.96,20,signal,high
25-90,4,P,14.55,50.99,20,signal,high
25-90,4,x,46.8,52.36,16,signal,high
25-90,4,y,34.65,52.38,16,signal,high
25-90,4,k,27.58,55.2,20,signal,high
25-90,4,e,53.96,55.25,20,signal,high
25-90,4,H,62.92,57.86,20,signal,high
25-90,4,N,19.03,57.87,20,signal,high
25-90,4,h,32.19,59.0,20,signal,high
25-90,4,f,49.19,59.0,20,signal,high
25-90,4,M,24.14,64.24,20,signal,high
25-90,4,J,56.73,64.5,20,signal,high
25-90,4,g,40.54,65.6,20,signal,high
25-90,4,L,33.74,68.85,20,signal,high
25-90,4,K,46.21,68.88,20,signal,high
